"","generations","abundance"
"1",1,300
"2",2,505.8
"3",3,847.9210968
"4",4,1407.91392252807
"5",5,2300.94999301279
"6",6,3664.54434750562
"7",7,5603.0440779339
"8",8,8060.11679532169
"9",9,10670.4760235163
"10",10,12826.386506784
