"","generations","abundance"
"1",1,600
"2",2,1002
"3",3,1653.1998
"4",4,2673.786181064
"5",5,4187.97988070636
"6",6,6242.60702314074
"7",7,8663.92481707096
"8",8,10975.4925272277
"9",9,12635.2654855256
"10",10,13497.4546309078
"11",11,13836.6087968725
"12",12,13949.6478047988
"13",13,13984.7675742616
"14",14,13995.4186709388
